key,kernel,scale,input,weighting,n_frames,pixel_scale_ratio,iscale,exptime,pixfrac,positive_support_fraction,sci_on_support_mean,sci_on_support_neg_fraction,sci_on_support_extreme_p99_abs,sci_min,sci_max,sci_mean,sci_median,sci_p1,sci_p5,sci_p95,sci_p99,sci_negative_fraction,sci_positive_fraction,sci_zero_fraction,sci_nonfinite_fraction,wht_min,wht_max,wht_mean,wht_median,wht_p1,wht_p5,wht_p95,wht_p99,wht_negative_fraction,wht_positive_fraction,wht_zero_fraction,wht_nonfinite_fraction
square_s1_A,square,1,A,off,1,,1.0,1.0,1.0,1.0,99.99725341796875,0.0,100.05548858642578,99.9104232788086,100.07611846923828,99.99725300073624,99.9976806640625,99.93641189575196,99.95519371032715,100.03623275756836,100.05548759460449,0.0,1.0,0.0,0.0,0.25,1.0,0.968994140625,1.0,0.5,0.5,1.0,1.0,0.0,1.0,0.0,0.0
square_s1_B,square,1,B,off,1,,1.0,1.0,1.0,1.0,3.9268693923950195,0.4822048611111111,123.48429870605469,-0.02300087921321392,728.167724609375,3.926868927948612,0.000270580843789503,-0.012773137874901294,-0.008598822448402644,0.016150711290538307,123.48429939268918,0.4822048611111111,0.5177951388888888,0.0,0.0,0.25,1.0,0.9792751736111112,1.0,0.5,1.0,1.0,1.0,0.0,1.0,0.0,0.0
square_s2_A,square,2,A,off,1,,1.0,1.0,1.0,1.0,99.99739074707031,0.0,100.0877685546875,99.8050308227539,100.15330505371094,99.9973954539746,99.99795150756836,99.90583992004395,99.93679618835449,100.05715942382812,100.08776741027832,0.0,1.0,0.0,0.0,0.0625,0.25,0.2461090087890625,0.25,0.125,0.25,0.25,0.25,0.0,1.0,0.0,0.0
square_s2_B,square,2,B,off,1,,1.0,1.0,1.0,1.0,3.9268858432769775,0.4845920138888889,103.62528991699219,-0.03548805043101311,999.9915161132812,3.926886087980896,0.0003205422544851899,-0.018672214541584253,-0.012484026374295354,0.021193305030465126,103.62528991699219,0.4845920138888889,0.5154079861111112,0.0,0.0,0.0625,0.25,0.2474026150173611,0.25,0.125,0.25,0.25,0.25,0.0,1.0,0.0,0.0
square_s3_A,square,3,A,off,1,,1.0,1.0,1.0,1.0,99.99744415283203,0.0,100.0963363647461,99.8050308227539,100.15330505371094,99.99744370496936,99.99761199951172,99.89824676513672,99.93143463134766,100.06489562988281,100.0963363647461,0.0,1.0,0.0,0.0,0.02777777798473835,0.1111111119389534,0.10995671860473522,0.1111111119389534,0.0555555559694767,0.1111111119389534,0.1111111119389534,0.1111111119389534,0.0,1.0,0.0,0.0
square_s3_B,square,3,B,off,1,,1.0,1.0,1.0,1.0,3.926891565322876,0.4848090277777778,103.62248229980469,-0.03548805043101311,999.9915161132812,3.926891777335115,0.0003392818325664848,-0.020190458744764328,-0.013786052353680134,0.02178712747991085,103.62248458862305,0.4848090277777778,0.5151909722222222,0.0,0.0,0.02777777798473835,0.1111111119389534,0.11034084658684959,0.1111111119389534,0.0555555559694767,0.1111111119389534,0.1111111119389534,0.1111111119389534,0.0,1.0,0.0,0.0
square_s4_A,square,4,A,off,1,,1.0,1.0,1.0,1.0,99.99746704101562,0.0,100.0999755859375,99.8050308227539,100.15330505371094,99.99746769899502,99.99751281738281,99.88902282714844,99.92875022888184,100.06787872314453,100.0999755859375,0.0,1.0,0.0,0.0,0.015625,0.0625,0.062012672424316406,0.0625,0.03125,0.0625,0.0625,0.0625,0.0,1.0,0.0,0.0
square_s4_B,square,4,B,off,1,,1.0,1.0,1.0,1.0,3.926894187927246,0.4848090277777778,82.50349426269531,-0.03548805043101311,999.9915161132812,3.9268945392760934,0.0003470302326604724,-0.02137824334204197,-0.014325443655252457,0.02261713333427906,82.50348991402822,0.4848090277777778,0.5151909722222222,0.0,0.0,0.015625,0.0625,0.0621749030219184,0.0625,0.03125,0.0625,0.0625,0.0625,0.0,1.0,0.0,0.0
lanczos2_s1_A,lanczos2,1,A,off,1,,1.0,1.0,1.0,1.0,99.99710845947266,0.0,100.07184600830078,99.8875961303711,100.10790252685547,99.99710913747549,99.99813842773438,99.92226142883301,99.94162635803222,100.04806632995606,100.07184249877929,0.0,1.0,0.0,0.0,0.25814753770828247,1.1660734415054321,1.0085525776376016,1.0325902700424194,0.5162950158119202,0.5162950158119202,1.0973039865493774,1.0973039865493774,0.0,1.0,0.0,0.0
lanczos2_s1_B,lanczos2,1,B,off,1,,1.0,1.0,1.0,1.0,3.9268672466278076,0.5034722222222222,106.94389343261719,-0.4402286112308502,810.669677734375,3.926867742108382,-7.017380266916007e-05,-0.11935601718723768,-0.012497040349990128,0.013014811137691136,106.94389087675971,0.5034722222222222,0.4965277777777778,0.0,0.0,0.25814753770828247,1.1660734415054321,1.01653368701227,1.0325902700424194,0.5162950158119202,1.0325902700424194,1.0973039865493774,1.0973039865493774,0.0,1.0,0.0,0.0
lanczos2_s2_A,lanczos2,2,A,off,1,,1.0,1.0,1.0,1.0,99.99739074707031,0.0,100.0877685546875,99.8050308227539,100.15330505371094,99.99739553406835,99.99795150756836,99.90583992004395,99.93679809570312,100.05715942382812,100.08776741027832,0.0,1.0,0.0,0.0,4.0690758851269493e-07,1.0,0.2506283203107297,0.0012757861986756325,8.138151770253899e-07,1.6276303540507797e-06,1.0,1.0,0.0,1.0,0.0,0.0
lanczos2_s2_B,lanczos2,2,B,off,1,,1.0,1.0,1.0,1.0,3.9268858432769775,0.4845920138888889,103.62528991699219,-0.03548805043101311,999.9915161132812,3.9268861360985827,0.00032054232724476606,-0.018672214541584253,-0.012484027771279216,0.021193305030465126,103.62528991699219,0.4845920138888889,0.5154079861111112,0.0,0.0,4.0690758851269493e-07,1.0,0.2506316468540524,0.0012757861986756325,8.138151770253899e-07,1.6276303540507797e-06,1.0,1.0,0.0,1.0,0.0,0.0
lanczos2_s3_A,lanczos2,3,A,off,1,,1.0,1.0,1.0,0.5555555555555556,99.99748229980469,0.0,100.10592651367188,99.8050308227539,100.15330505371094,99.99744363874197,99.99761199951172,99.89823913574219,99.93142700195312,100.06489562988281,100.0963363647461,0.0,1.0,0.0,0.0,-0.07282517105340958,0.32691702246665955,0.11518208484176284,0.016222786158323288,-0.07282517105340958,-0.07282517105340958,0.32691702246665955,0.32691702246665955,0.4444444444444444,0.5555555555555556,0.0,0.0
lanczos2_s3_B,lanczos2,3,B,off,1,,1.0,1.0,1.0,0.5555555555555556,3.926896095275879,0.4839409722222222,68.59245300292969,-0.03548805043101311,999.9915161132812,3.9268917579459983,0.0003392818325664848,-0.020190458744764328,-0.013786052586510777,0.02178712747991085,103.6224868774414,0.4848090277777778,0.5151909722222222,0.0,0.0,-0.07282517105340958,0.32691702246665955,0.11503203994576369,0.016222786158323288,-0.07282517105340958,-0.07282517105340958,0.32691702246665955,0.32691702246665955,0.4444444444444444,0.5555555555555556,0.0,0.0
lanczos2_s4_A,lanczos2,4,A,off,1,,1.0,1.0,1.0,0.5625,99.99754333496094,0.0,100.11136627197266,0.0,100.15330505371094,56.24861660040915,99.93952178955078,0.0,0.0,100.06464385986328,100.09992218017578,0.0,0.5625,0.4375,0.0,0.0,1.0,0.06265957500173158,4.0690758851269493e-07,0.0,0.0,1.0,1.0,0.0,0.5625,0.4375,0.0
lanczos2_s4_B,lanczos2,4,B,off,1,,1.0,1.0,1.0,0.5625,3.9269027709960938,0.484375,62.17692565917969,-0.03548805043101311,999.9915161132812,2.208882883925997,0.0,-0.021142341662198305,-0.013434522785246372,0.016901765018701553,10.952577924728397,0.2724609375,0.2900390625,0.4375,0.0,0.0,1.0,0.06265957500173158,4.0690758851269493e-07,0.0,0.0,1.0,1.0,0.0,0.5625,0.4375,0.0
lanczos3_s1_A,lanczos3,1,A,off,1,,1.0,1.0,1.0,1.0,99.99700927734375,0.0,100.08592987060547,99.86585998535156,100.1395263671875,99.99700395017862,99.99712753295898,99.90535995483398,99.93120040893555,100.05853652954102,100.08593017578124,0.0,1.0,0.0,0.0,0.2459001988172531,1.2154641151428223,0.9636681169358781,0.9836007356643677,0.49180033802986145,0.491800457239151,1.0934035778045654,1.093403697013855,0.0,1.0,0.0,0.0
lanczos3_s1_B,lanczos3,1,B,off,1,,1.0,1.0,1.0,1.0,3.926866292953491,0.4605034722222222,97.218994140625,-0.03548765182495117,847.9357299804688,3.9268663907574597,0.0007836499426048249,-0.018447775803506376,-0.012742779869586229,0.06251137834042304,97.21899593352283,0.4605034722222222,0.5394965277777778,0.0,0.0,0.2459001988172531,1.2154641151428223,0.9702896523845589,0.9836007356643677,0.49180033802986145,0.9594208598136902,1.0934035778045654,1.093403697013855,0.0,1.0,0.0,0.0
lanczos3_s2_A,lanczos3,2,A,off,1,,1.0,1.0,1.0,1.0,99.99739837646484,0.0,100.08769989013672,99.80518341064453,100.1531753540039,99.99739769659936,99.99794387817383,99.90588836669922,99.93683624267578,100.0571117401123,100.08769798278809,0.0,1.0,0.0,0.0,6.858274446130963e-07,1.0008258819580078,0.25101621514110556,0.001656977692618966,1.3716548892261926e-06,2.7433097784523852e-06,1.0008258819580078,1.0008258819580078,0.0,1.0,0.0,0.0
lanczos3_s2_B,lanczos3,2,B,off,1,,1.0,1.0,1.0,1.0,3.9268863201141357,0.4847005208333333,103.6203384399414,-0.0354674756526947,999.7493286132812,3.9268860809167188,0.0003203875239705667,-0.018664207216352223,-0.012480434030294418,0.021180498879402876,103.6203384399414,0.4847005208333333,0.5152994791666666,0.0,0.0,6.858274446130963e-07,1.0008258819580078,0.2510226917343988,0.001656977692618966,1.3716548892261926e-06,2.7433097784523852e-06,1.0008258819580078,1.0008258819580078,0.0,1.0,0.0,0.0
lanczos3_s3_A,lanczos3,3,A,off,1,,1.0,1.0,1.0,0.5555555555555556,99.99748229980469,0.0,100.09729766845703,99.81842803955078,100.14415740966797,99.99744074708886,99.99747467041016,99.90189056396484,99.93537139892578,100.06066513061523,100.08961982727051,0.0,1.0,0.0,0.0,-0.17048388719558716,0.39813345670700073,0.10988439255318856,0.07300253957509995,-0.17048388719558716,-0.17048388719558716,0.39813345670700073,0.39813345670700073,0.4444444444444444,0.5555555555555556,0.0,0.0
lanczos3_s3_B,lanczos3,3,B,off,1,,1.0,1.0,1.0,0.5555555555555556,3.926896095275879,0.48550347222222223,70.09783172607422,-0.033976901322603226,977.4515380859375,3.9268916189530274,0.0003213452437194064,-0.019224975164979695,-0.012984962668269873,0.021231961902230978,101.03404579162599,0.4851466049382716,0.5148533950617284,0.0,0.0,-0.17048388719558716,0.39813345670700073,0.10968574189053155,0.07300253957509995,-0.17048388719558716,-0.17048388719558716,0.39813345670700073,0.39813345670700073,0.4444444444444444,0.5555555555555556,0.0,0.0
lanczos3_s4_A,lanczos3,4,A,off,1,,1.0,1.0,1.0,1.0,99.99746704101562,0.0,100.0999755859375,99.8050308227539,100.15330505371094,99.99746770691127,99.99751281738281,99.88902282714844,99.92875671386719,100.06787872314453,100.0999755859375,0.0,1.0,0.0,0.0,4.260773778241855e-08,1.0,0.06275810045230533,6.858274446130963e-07,1.704309511296742e-07,1.704309511296742e-07,1.0,1.0,0.0,1.0,0.0,0.0
lanczos3_s4_B,lanczos3,4,B,off,1,,1.0,1.0,1.0,1.0,3.926894187927246,0.4848090277777778,82.50349426269531,-0.03548805043101311,999.9915161132812,3.9268945440319794,0.000347030334523879,-0.02137824334204197,-0.014325443655252457,0.02261713333427906,82.5034918976708,0.4848090277777778,0.5151909722222222,0.0,0.0,4.260773778241855e-08,1.0,0.0627583697783558,6.858274446130963e-07,1.704309511296742e-07,1.704309511296742e-07,1.0,1.0,0.0,1.0,0.0,0.0
point_s1_A,point,1,A,off,1,,1.0,1.0,1.0,0.9384765625,99.9974136352539,0.0,100.11237335205078,0.0,100.15330505371094,93.84523297101259,99.99224853515625,0.0,0.0,100.07364883422852,100.11109603881836,0.0,0.9384765625,0.0615234375,0.0,0.0,1.0,0.9384765625,1.0,0.0,0.0,1.0,1.0,0.0,0.9384765625,0.0615234375,0.0
point_s1_B,point,1,B,off,1,,1.0,1.0,1.0,0.9587673611111112,4.0957465171813965,0.4843820733363513,62.191097259521484,-0.03548805043101311,999.9915161132812,3.9268682056929762,0.0,-0.024172829519957303,-0.015805906243622304,0.02523833299055693,62.176727790832516,0.4644097222222222,0.4943576388888889,0.04123263888888889,0.0,0.0,1.0,0.9587673611111112,1.0,0.0,1.0,1.0,1.0,0.0,0.9587673611111112,0.04123263888888889,0.0
point_s2_A,point,2,A,off,1,,1.0,1.0,1.0,0.25,99.99754333496094,0.0,100.11109924316406,0.0,100.15330505371094,24.9993851557374,0.0,0.0,0.0,100.03849029541016,100.08247146606445,0.0,0.25,0.75,0.0,0.0,1.0,0.25,0.0,0.0,0.0,1.0,1.0,0.0,0.25,0.75,0.0
point_s2_B,point,2,B,off,1,,1.0,1.0,1.0,0.25,3.9269027709960938,0.484375,62.176727294921875,-0.03548805043101311,999.9915161132812,0.981725726189332,0.0,-0.017213739175349473,-0.00857234071008861,0.009505168767645955,0.04842501357197856,0.12109375,0.12890625,0.75,0.0,0.0,1.0,0.25,0.0,0.0,0.0,1.0,1.0,0.0,0.25,0.75,0.0
point_s3_A,point,3,A,off,1,,1.0,1.0,1.0,0.1111111111111111,99.99754333496094,0.0,100.11109924316406,0.0,100.15330505371094,11.1108378469944,0.0,0.0,0.0,100.00247383117676,100.06417045593261,0.0,0.1111111111111111,0.8888888888888888,0.0,0.0,1.0,0.1111111111111111,0.0,0.0,0.0,1.0,1.0,0.0,0.1111111111111111,0.8888888888888888,0.0
point_s3_B,point,3,B,off,1,,1.0,1.0,1.0,0.1111111111111111,3.9269027709960938,0.484375,62.176727294921875,-0.03548805043101311,999.9915161132812,0.4363225449730364,0.0,-0.01334440908394754,-0.0009144367650151253,0.0018031767394859344,0.016819573659449832,0.05381944444444445,0.057291666666666664,0.8888888888888888,0.0,0.0,1.0,0.1111111111111111,0.0,0.0,0.0,1.0,1.0,0.0,0.1111111111111111,0.8888888888888888,0.0
point_s4_A,point,4,A,off,1,,1.0,1.0,1.0,0.0625,99.99754333496094,0.0,100.11109924316406,0.0,100.15330505371094,6.24984628893435,0.0,0.0,0.0,99.95749893188477,100.04590133666993,0.0,0.0625,0.9375,0.0,0.0,1.0,0.0625,0.0,0.0,0.0,1.0,1.0,0.0,0.0625,0.9375,0.0
point_s4_B,point,4,B,off,1,,1.0,1.0,1.0,0.0625,3.9269027709960938,0.484375,62.176727294921875,-0.03548805043101311,999.9915161132812,0.245431431547333,0.0,-0.010157841006293893,0.0,0.0,0.011731512788683214,0.0302734375,0.0322265625,0.9375,0.0,0.0,1.0,0.0625,0.0,0.0,0.0,1.0,1.0,0.0,0.0625,0.9375,0.0
turbo_s1_A,turbo,1,A,off,1,,1.0,1.0,1.0,1.0,99.99725341796875,0.0,100.05548858642578,99.9104232788086,100.07611846923828,99.99725300073624,99.9976806640625,99.93641189575196,99.95519371032715,100.03623275756836,100.05548759460449,0.0,1.0,0.0,0.0,0.25,1.0,0.968994140625,1.0,0.5,0.5,1.0,1.0,0.0,1.0,0.0,0.0
turbo_s1_B,turbo,1,B,off,1,,1.0,1.0,1.0,1.0,3.9268693923950195,0.4822048611111111,123.48429870605469,-0.02300087921321392,728.167724609375,3.926868927948612,0.000270580843789503,-0.012773137874901294,-0.008598822448402644,0.016150711290538307,123.48429939268918,0.4822048611111111,0.5177951388888888,0.0,0.0,0.25,1.0,0.9792751736111112,1.0,0.5,1.0,1.0,1.0,0.0,1.0,0.0,0.0
turbo_s2_A,turbo,2,A,off,1,,1.0,1.0,1.0,0.25,99.99754333496094,0.0,100.11109924316406,0.0,100.15330505371094,24.9993851557374,0.0,0.0,0.0,100.03849029541016,100.08247146606445,0.0,0.25,0.75,0.0,0.0,1.0,0.25,0.0,0.0,0.0,1.0,1.0,0.0,0.25,0.75,0.0
turbo_s2_B,turbo,2,B,off,1,,1.0,1.0,1.0,0.25,3.9269027709960938,0.484375,62.176727294921875,-0.03548805043101311,999.9915161132812,0.981725726189332,0.0,-0.017213739175349473,-0.00857234071008861,0.009505168767645955,0.04842501357197856,0.12109375,0.12890625,0.75,0.0,0.0,1.0,0.25,0.0,0.0,0.0,1.0,1.0,0.0,0.25,0.75,0.0
turbo_s3_A,turbo,3,A,off,1,,1.0,1.0,1.0,0.4444444444444444,99.99754333496094,0.0,100.11136627197266,0.0,100.15330505371094,44.4433513879776,0.0,0.0,0.0,100.05805206298828,100.09396362304688,0.0,0.4444444444444444,0.5555555555555556,0.0,0.0,0.25,0.1111111111111111,0.0,0.0,0.0,0.25,0.25,0.0,0.4444444444444444,0.5555555555555556,0.0
turbo_s3_B,turbo,3,B,off,1,,1.0,1.0,1.0,0.4444444444444444,3.9269027709960938,0.484375,62.17692565917969,-0.03548805043101311,999.9915161132812,1.7452901798921456,0.0,-0.0197102596051991,-0.01216717716306448,0.014416588470339775,2.737555742263798,0.2152777777777778,0.22916666666666666,0.5555555555555556,0.0,0.0,0.25,0.1111111111111111,0.0,0.0,0.0,0.25,0.25,0.0,0.4444444444444444,0.5555555555555556,0.0
turbo_s4_A,turbo,4,A,off,1,,1.0,1.0,1.0,0.0625,99.99754333496094,0.0,100.11109924316406,0.0,100.15330505371094,6.24984628893435,0.0,0.0,0.0,99.95749893188477,100.04590133666993,0.0,0.0625,0.9375,0.0,0.0,1.0,0.0625,0.0,0.0,0.0,1.0,1.0,0.0,0.0625,0.9375,0.0
turbo_s4_B,turbo,4,B,off,1,,1.0,1.0,1.0,0.0625,3.9269027709960938,0.484375,62.176727294921875,-0.03548805043101311,999.9915161132812,0.245431431547333,0.0,-0.010157841006293893,0.0,0.0,0.011731512788683214,0.0302734375,0.0322265625,0.9375,0.0,0.0,1.0,0.0625,0.0,0.0,0.0,1.0,1.0,0.0,0.0625,0.9375,0.0
gaussian_s1_A,gaussian,1,A,off,1,,1.0,1.0,1.0,1.0,99.99726104736328,0.0,100.0549545288086,99.91108703613281,100.07523345947266,99.99726275354624,99.99772644042969,99.93679450988769,99.9554817199707,100.03591995239258,100.05495376586914,0.0,1.0,0.0,0.0,0.22236430644989014,0.8894571661949158,0.8616658551618457,0.8894571661949158,0.4447286128997803,0.4447286128997803,0.8894571661949158,0.8894571661949158,0.0,1.0,0.0,0.0
gaussian_s1_B,gaussian,1,B,off,1,,1.0,1.0,1.0,1.0,3.9268689155578613,0.4822048611111111,123.95975494384766,-0.022807231172919273,725.6771240234375,3.926869177052685,0.0002725018421187997,-0.012674437128007412,-0.008557857666164636,0.017060252465307617,123.95975402830929,0.4822048611111111,0.5177951388888888,0.0,0.0,0.22236430644989014,0.8894571661949158,0.8708806153800752,0.8894571661949158,0.4447286128997803,0.8877265453338623,0.8894571661949158,0.8894571661949158,0.0,1.0,0.0,0.0
gaussian_s2_A,gaussian,2,A,off,1,,1.0,1.0,1.0,1.0,99.99739074707031,0.0,100.0877685546875,99.8050308227539,100.15330505371094,99.99739540368319,99.99795150756836,99.90583992004395,99.93679618835449,100.05715942382812,100.08776741027832,0.0,1.0,0.0,0.0,0.003447697963565588,0.8825273513793945,0.2782713166055828,0.11032112687826157,0.006895395927131176,0.013790791854262352,0.8825273513793945,0.8825273513793945,0.0,1.0,0.0,0.0
gaussian_s2_B,gaussian,2,B,off,1,,1.0,1.0,1.0,1.0,3.9268858432769775,0.4845920138888889,103.62528991699219,-0.03548805043101311,999.9915161132812,3.9268861237385844,0.00032054226903710514,-0.018672214541584253,-0.012484026374295354,0.021193305030465126,103.62529106140137,0.4845920138888889,0.5154079861111112,0.0,0.0,0.003447697963565588,0.8825273513793945,0.27859405710331786,0.11032112687826157,0.006895395927131176,0.013790791854262352,0.8825273513793945,0.8825273513793945,0.0,1.0,0.0,0.0
gaussian_s3_A,gaussian,3,A,off,1,,1.0,1.0,1.0,1.0,99.99744415283203,0.0,100.0963363647461,99.8050308227539,100.15330505371094,99.99744362052944,99.99761199951172,99.89823913574219,99.93143463134766,100.06489562988281,100.0963363647461,0.0,1.0,0.0,0.0,3.3672899917291943e-06,0.22063705325126648,0.09881656448253201,0.0017238897271454334,1.3469159966916777e-05,1.3469159966916777e-05,0.22063705325126648,0.22063705325126648,0.0,1.0,0.0,0.0
gaussian_s3_B,gaussian,3,B,off,1,,1.0,1.0,1.0,1.0,3.926891565322876,0.4848090277777778,103.62248229980469,-0.03548805043101311,999.9915161132812,3.9268917807123827,0.0003392818325664848,-0.020190458744764328,-0.013786052353680134,0.02178712747991085,103.62248191833497,0.4848090277777778,0.5151909722222222,0.0,0.0,3.3672899917291943e-06,0.22063705325126648,0.09882057035433128,0.0017238897271454334,1.3469159966916777e-05,1.3469159966916777e-05,0.22063705325126648,0.22063705325126648,0.0,1.0,0.0,0.0
gaussian_s4_A,gaussian,4,A,off,1,,1.0,1.0,1.0,0.5625,99.99754333496094,0.0,100.11136627197266,0.0,100.15330505371094,56.24861660040915,99.93952178955078,0.0,0.0,100.06464385986328,100.09992218017578,0.0,0.5625,0.4375,0.0,0.0,0.8825273513793945,0.06981002481188625,0.003447697963565588,0.0,0.0,0.8825273513793945,0.8825273513793945,0.0,0.5625,0.4375,0.0
gaussian_s4_B,gaussian,4,B,off,1,,1.0,1.0,1.0,0.5625,3.9269027709960938,0.484375,62.17692565917969,-0.03548805043101311,999.9915161132812,2.208882883925997,0.0,-0.021142341662198305,-0.013434522785246372,0.016901765018701553,10.952577924728397,0.2724609375,0.2900390625,0.4375,0.0,0.0,0.8825273513793945,0.06981002481188625,0.003447697963565588,0.0,0.0,0.8825273513793945,0.8825273513793945,0.0,0.5625,0.4375,0.0
square_s3_C,square,3,C,off,1,,1.0,1.0,1.0,1.0,101.04166412353516,0.0,200.00001525878906,0.0,200.00001525878906,101.04167077276442,150.00000381469727,0.0,0.0,200.00001525878906,200.00001525878906,0.0,0.5104166666666666,0.4895833333333333,0.0,0.02777777798473835,0.1111111119389534,0.10995671860473522,0.1111111119389534,0.0555555559694767,0.1111111119389534,0.1111111119389534,0.1111111119389534,0.0,1.0,0.0,0.0
square_s3_D,square,3,D,off,1,,1.0,1.0,1.0,1.0,150.00177001953125,0.0,150.10205078125,149.83338928222656,150.16615295410156,150.0017663439115,150.0019073486328,149.8919677734375,149.93371200561523,150.0709991455078,150.10205078125,0.0,1.0,0.0,0.0,0.02777777798473835,0.1111111119389534,0.10995671860473522,0.1111111119389534,0.0555555559694767,0.1111111119389534,0.1111111119389534,0.1111111119389534,0.0,1.0,0.0,0.0
lanczos2_s3_C,lanczos2,3,C,off,1,,1.0,1.0,1.0,0.5555555555555556,100.625,0.0,200.0,0.0,200.0,101.04166666666667,150.0,0.0,0.0,200.0,200.0,0.0,0.5104166666666666,0.4895833333333333,0.0,-0.07282517105340958,0.32691702246665955,0.11518208484176284,0.016222786158323288,-0.07282517105340958,-0.07282517105340958,0.32691702246665955,0.32691702246665955,0.4444444444444444,0.5555555555555556,0.0,0.0
lanczos2_s3_D,lanczos2,3,D,off,1,,1.0,1.0,1.0,0.5555555555555556,150.0017547607422,0.0,150.11465454101562,149.83338928222656,150.16615295410156,150.00176619821124,150.0019073486328,149.89195251464844,149.93369674682617,150.07098388671875,150.10205078125,0.0,1.0,0.0,0.0,-0.07282517105340958,0.32691702246665955,0.11518208484176284,0.016222786158323288,-0.07282517105340958,-0.07282517105340958,0.32691702246665955,0.32691702246665955,0.4444444444444444,0.5555555555555556,0.0,0.0
lanczos3_s3_C,lanczos3,3,C,off,1,,1.0,1.0,1.0,0.5555555555555556,100.625,0.0,200.0,0.0,200.00001525878906,101.04166496379509,146.1360740661621,0.0,0.0,200.00001525878906,200.00001525878906,0.0,0.5208333333333334,0.4791666666666667,0.0,-0.17048388719558716,0.39813345670700073,0.10988439255318856,0.07300253957509995,-0.17048388719558716,-0.17048388719558716,0.39813345670700073,0.39813345670700073,0.4444444444444444,0.5555555555555556,0.0,0.0
lanczos3_s3_D,lanczos3,3,D,off,1,,1.0,1.0,1.0,0.5555555555555556,150.0017547607422,0.0,150.10560607910156,149.84010314941406,150.16017150878906,150.00176195965872,150.00230407714844,149.89924240112305,149.93722915649414,150.0661392211914,150.09666748046874,0.0,1.0,0.0,0.0,-0.17048388719558716,0.39813345670700073,0.10988439255318856,0.07300253957509995,-0.17048388719558716,-0.17048388719558716,0.39813345670700073,0.39813345670700073,0.4444444444444444,0.5555555555555556,0.0,0.0
E_square_s2_n1,square,2,E,off,1,,1.0,1.0,1.0,1.0,49.99152374267578,0.0,50.07156753540039,49.83742904663086,50.11223602294922,49.99152781069279,49.99249458312988,49.90505882263184,49.93383865356445,50.04731979370117,50.07156639099121,0.0,1.0,0.0,0.0,0.0625,0.25,0.24224853515625,0.25,0.125,0.125,0.25,0.25,0.0,1.0,0.0,0.0
E_lanczos2_s2_n1,lanczos2,2,E,off,1,,1.0,1.0,1.0,1.0,49.99152755737305,0.0,50.07156753540039,49.83742904663086,50.11223602294922,49.99152770265937,49.99249267578125,49.905057945251464,49.933838081359866,50.04731979370117,50.07156639099121,0.0,1.0,0.0,0.0,4.0690758851269493e-07,1.0,0.25061834081321843,0.0012757861986756325,8.138151770253899e-07,1.6276303540507797e-06,1.0,1.0,0.0,1.0,0.0,0.0
E_square_s2_n2,square,2,E,off,2,,1.0,1.0,1.0,1.0,49.99152374267578,0.0,50.07156753540039,49.83742904663086,50.11223602294922,49.99152783676982,49.99249458312988,49.90505882263184,49.93383865356445,50.04731979370117,50.07156639099121,0.0,1.0,0.0,0.0,0.125,0.5,0.4844970703125,0.5,0.25,0.25,0.5,0.5,0.0,1.0,0.0,0.0
E_lanczos2_s2_n2,lanczos2,2,E,off,2,,1.0,1.0,1.0,1.0,49.99153137207031,0.0,50.07156753540039,49.83742904663086,50.11223602294922,49.9915293045342,49.99249267578125,49.905057945251464,49.933838081359866,50.04731979370117,50.07156639099121,0.0,1.0,0.0,0.0,8.138151770253899e-07,2.0,0.5012366816263369,0.002551572397351265,1.6276303540507797e-06,3.2552602533542085e-06,2.0,2.0,0.0,1.0,0.0,0.0
E_square_s2_n4,square,2,E,off,4,,1.0,1.0,1.0,1.0,49.99152374267578,0.0,50.07156753540039,49.83742904663086,50.11223602294922,49.99152771756053,49.99249458312988,49.90505882263184,49.93383865356445,50.04732036590576,50.07156639099121,0.0,1.0,0.0,0.0,0.25,1.0,0.968994140625,1.0,0.5,0.5,1.0,1.0,0.0,1.0,0.0,0.0
E_lanczos2_s2_n4,lanczos2,2,E,off,4,,1.0,1.0,1.0,1.0,49.99153137207031,0.0,50.07156753540039,49.83742904663086,50.11223602294922,49.991530187428,49.992496490478516,49.905057945251464,49.933838081359866,50.04731979370117,50.07156639099121,0.0,1.0,0.0,0.0,1.6276303540507797e-06,4.0,1.0024733632525606,0.00510314479470253,3.2552602533542085e-06,6.510520051961066e-06,4.0,4.0,0.0,1.0,0.0,0.0
E_square_s2_n16,square,2,E,off,16,,1.0,1.0,1.0,1.0,49.99152374267578,0.0,50.071563720703125,49.83742141723633,50.112239837646484,49.991527400910854,49.99249458312988,49.90505207061768,49.93384685516357,50.04732532501221,50.07156227111816,0.0,1.0,0.0,0.0,1.0,4.0,3.8759765625,4.0,2.0,2.0,4.0,4.0,0.0,1.0,0.0,0.0
E_lanczos2_s2_n16,lanczos2,2,E,off,16,,1.0,1.0,1.0,1.0,49.99153137207031,0.0,50.071563720703125,49.83742141723633,50.112239837646484,49.99153267592192,49.99249839782715,49.90505908966065,49.93384857177735,50.047326469421385,50.07156227111816,0.0,1.0,0.0,0.0,6.510520051961066e-06,16.0,4.009893448590589,0.020412569865584373,1.3021045560890343e-05,2.60420983977383e-05,16.0,16.0,0.0,1.0,0.0,0.0
E_square_s2_n64,square,2,E,off,64,,1.0,1.0,1.0,1.0,49.99153137207031,0.0,50.07157516479492,49.83740997314453,50.112247467041016,49.99152868613601,49.99247741699219,49.90507175445557,49.933852958679196,50.04728393554687,50.07157699584961,0.0,1.0,0.0,0.0,4.0,16.0,15.50390625,16.0,8.0,8.0,16.0,16.0,0.0,1.0,0.0,0.0
E_lanczos2_s2_n64,lanczos2,2,E,off,64,,1.0,1.0,1.0,1.0,49.99150085449219,0.0,50.07157516479492,49.83740997314453,50.112247467041016,49.99150072410703,49.992469787597656,49.90506736755371,49.93383979797363,50.047282218933105,50.07157699584961,0.0,1.0,0.0,0.0,2.60420983977383e-05,64.0,16.039573839304126,0.08165037631988525,5.2084204071434215e-05,0.00010416841541882604,64.0,64.0,0.0,1.0,0.0,0.0
AB_square_s3_current,square,3,B,off,1,1.0,1.0,1.0,1.0,1.0,3.926891565322876,0.4848090277777778,103.62248229980469,-0.03548805043101311,999.9915161132812,3.926891777335115,0.0003392818325664848,-0.020190458744764328,-0.013786052353680134,0.02178712747991085,103.62248458862305,0.4848090277777778,0.5151909722222222,0.0,0.0,0.02777777798473835,0.1111111119389534,0.11034084658684959,0.1111111119389534,0.0555555559694767,0.1111111119389534,0.1111111119389534,0.1111111119389534,0.0,1.0,0.0,0.0
AB_square_s3_explicit_psr3,square,3,B,off,1,3.0,1.0,1.0,1.0,1.0,3.926891565322876,0.4848090277777778,103.62248229980469,-0.03548805043101311,999.9915161132812,3.926891777335115,0.0003392818325664848,-0.020190458744764328,-0.013786052353680134,0.02178712747991085,103.62248458862305,0.4848090277777778,0.5151909722222222,0.0,0.0,0.02777777798473835,0.1111111119389534,0.11034084658684959,0.1111111119389534,0.0555555559694767,0.1111111119389534,0.1111111119389534,0.1111111119389534,0.0,1.0,0.0,0.0
AB_gaussian_s3_current,gaussian,3,B,off,1,1.0,1.0,1.0,1.0,1.0,3.926891565322876,0.4848090277777778,103.62248229980469,-0.03548805043101311,999.9915161132812,3.9268917807123827,0.0003392818325664848,-0.020190458744764328,-0.013786052353680134,0.02178712747991085,103.62248191833497,0.4848090277777778,0.5151909722222222,0.0,0.0,3.3672899917291943e-06,0.22063705325126648,0.09882057035433128,0.0017238897271454334,1.3469159966916777e-05,1.3469159966916777e-05,0.22063705325126648,0.22063705325126648,0.0,1.0,0.0,0.0
AB_gaussian_s3_explicit_psr3,gaussian,3,B,off,1,3.0,1.0,1.0,1.0,0.4444444444444444,3.9269027709960938,0.484375,62.17692565917969,-0.03548805043101311,999.9915161132812,1.7452901798921456,0.0,-0.0197102596051991,-0.01216717716306448,0.014416588470339775,2.737555742263798,0.2152777777777778,0.22916666666666666,0.5555555555555556,0.0,0.0,3.0305609470815398e-05,1.3469159764806844e-05,0.0,0.0,0.0,3.0305609470815398e-05,3.0305609470815398e-05,0.0,0.4444444444444444,0.5555555555555556,0.0
AB_turbo_s3_current,turbo,3,B,off,1,1.0,1.0,1.0,1.0,0.4444444444444444,3.9269027709960938,0.484375,62.17692565917969,-0.03548805043101311,999.9915161132812,1.7452901798921456,0.0,-0.0197102596051991,-0.01216717716306448,0.014416588470339775,2.737555742263798,0.2152777777777778,0.22916666666666666,0.5555555555555556,0.0,0.0,0.25,0.1111111111111111,0.0,0.0,0.0,0.25,0.25,0.0,0.4444444444444444,0.5555555555555556,0.0
AB_turbo_s3_explicit_psr3,turbo,3,B,off,1,3.0,1.0,1.0,1.0,0.4444444444444444,3.9269027709960938,0.484375,62.17692565917969,-0.03548805043101311,999.9915161132812,1.7452901798921456,0.0,-0.0197102596051991,-0.01216717716306448,0.014416588470339775,2.737555742263798,0.2152777777777778,0.22916666666666666,0.5555555555555556,0.0,0.0,0.25,0.1111111111111111,0.0,0.0,0.0,0.25,0.25,0.0,0.4444444444444444,0.5555555555555556,0.0
AB_lanczos2_s3_current,lanczos2,3,B,off,1,1.0,1.0,1.0,1.0,0.5555555555555556,3.926896095275879,0.4839409722222222,68.59245300292969,-0.03548805043101311,999.9915161132812,3.9268917579459983,0.0003392818325664848,-0.020190458744764328,-0.013786052586510777,0.02178712747991085,103.6224868774414,0.4848090277777778,0.5151909722222222,0.0,0.0,-0.07282517105340958,0.32691702246665955,0.11503203994576369,0.016222786158323288,-0.07282517105340958,-0.07282517105340958,0.32691702246665955,0.32691702246665955,0.4444444444444444,0.5555555555555556,0.0,0.0
AB_lanczos2_s3_explicit_psr3,lanczos2,3,B,off,1,3.0,1.0,1.0,1.0,0.4444444444444444,3.9269027709960938,0.484375,62.17692565917969,-0.03548805043101311,999.9915161132812,1.7452901798921456,0.0,-0.0197102596051991,-0.01216717716306448,0.014416588470339775,2.737555742263798,0.2152777777777778,0.22916666666666666,0.5555555555555556,0.0,0.0,0.004055696539580822,0.0018025317953692542,0.0,0.0,0.0,0.004055696539580822,0.004055696539580822,0.0,0.4444444444444444,0.5555555555555556,0.0
AB_lanczos3_s3_current,lanczos3,3,B,off,1,1.0,1.0,1.0,1.0,0.5555555555555556,3.926896095275879,0.48550347222222223,70.09783172607422,-0.033976901322603226,977.4515380859375,3.9268916189530274,0.0003213452437194064,-0.019224975164979695,-0.012984962668269873,0.021231961902230978,101.03404579162599,0.4851466049382716,0.5148533950617284,0.0,0.0,-0.17048388719558716,0.39813345670700073,0.10968574189053155,0.07300253957509995,-0.17048388719558716,-0.17048388719558716,0.39813345670700073,0.39813345670700073,0.4444444444444444,0.5555555555555556,0.0,0.0
AB_lanczos3_s3_explicit_psr3,lanczos3,3,B,off,1,3.0,1.0,1.0,1.0,0.4444444444444444,3.9269027709960938,0.484375,62.17692565917969,-0.03548805043101311,999.9915161132812,1.7452901798921456,0.0,-0.0197102596051991,-0.01216717716306448,0.014416588470339775,2.737555742263798,0.2152777777777778,0.22916666666666666,0.5555555555555556,0.0,0.0,0.018250634893774986,0.008111393286122216,0.0,0.0,0.0,0.018250634893774986,0.018250634893774986,0.0,0.4444444444444444,0.5555555555555556,0.0
W_square_s3_off,square,3,A,off,1,,1.0,1.0,1.0,1.0,99.99744415283203,0.0,100.0963363647461,99.8050308227539,100.15330505371094,99.99744370496936,99.99761199951172,99.89824676513672,99.93143463134766,100.06489562988281,100.0963363647461,0.0,1.0,0.0,0.0,0.02777777798473835,0.1111111119389534,0.10995671860473522,0.1111111119389534,0.0555555559694767,0.1111111119389534,0.1111111119389534,0.1111111119389534,0.0,1.0,0.0,0.0
W_square_s3_on,square,3,A,on,1,,1.0,1.0,1.0,1.0,99.9974594116211,0.0,100.09562683105469,99.8050308227539,100.15330505371094,99.99745949274964,99.99761199951172,99.89824676513672,99.93143463134766,100.06489562988281,100.09562683105469,0.0,1.0,0.0,0.0,0.02777777798473835,0.1111111119389534,0.10865463527342298,0.1111111119389534,0.0555555559694767,0.1111111119389534,0.1111111119389534,0.1111111119389534,0.0,1.0,0.0,0.0
W_lanczos2_s3_off,lanczos2,3,A,off,1,,1.0,1.0,1.0,0.5555555555555556,99.99748229980469,0.0,100.10592651367188,99.8050308227539,100.15330505371094,99.99744363874197,99.99761199951172,99.89823913574219,99.93142700195312,100.06489562988281,100.0963363647461,0.0,1.0,0.0,0.0,-0.07282517105340958,0.32691702246665955,0.11518208484176284,0.016222786158323288,-0.07282517105340958,-0.07282517105340958,0.32691702246665955,0.32691702246665955,0.4444444444444444,0.5555555555555556,0.0,0.0
W_lanczos2_s3_on,lanczos2,3,A,on,1,,1.0,1.0,1.0,0.5555555555555556,99.99748992919922,0.0,100.10592651367188,99.8050308227539,100.15330505371094,99.9974593942364,99.99760437011719,99.89823913574219,99.93142700195312,100.06489562988281,100.09562683105469,0.0,1.0,0.0,0.0,-0.07282517105340958,0.32691702246665955,0.11383756635566694,0.016222786158323288,-0.07282517105340958,-0.07282517105340958,0.32691702246665955,0.32691702246665955,0.4444444444444444,0.5555555555555556,0.0,0.0
W_lanczos3_s3_off,lanczos3,3,A,off,1,,1.0,1.0,1.0,0.5555555555555556,99.99748229980469,0.0,100.09729766845703,99.81842803955078,100.14415740966797,99.99744074708886,99.99747467041016,99.90189056396484,99.93537139892578,100.06066513061523,100.08961982727051,0.0,1.0,0.0,0.0,-0.17048388719558716,0.39813345670700073,0.10988439255318856,0.07300253957509995,-0.17048388719558716,-0.17048388719558716,0.39813345670700073,0.39813345670700073,0.4444444444444444,0.5555555555555556,0.0,0.0
W_lanczos3_s3_on,lanczos3,3,A,on,1,,1.0,1.0,1.0,0.5555555555555556,99.99749755859375,0.0,100.09729766845703,99.81842803955078,100.14415740966797,99.99746138023005,99.99746322631836,99.90189056396484,99.93537139892578,100.06077003479004,100.0892505645752,0.0,1.0,0.0,0.0,-0.17048388719558716,0.39813345670700073,0.10860366232231576,0.07300253957509995,-0.17048388719558716,-0.17048388719558716,0.39813345670700073,0.39813345670700073,0.4444444444444444,0.5555555555555556,0.0,0.0
EXP_square_s1_t10,square,1,A,off,1,,1.0,10.0,1.0,1.0,9.999725341796875,0.0,10.005548477172852,9.991043090820312,10.007612228393555,9.999725576490164,9.999768257141113,9.993641996383667,9.995519638061523,10.003623247146606,10.005548906326293,0.0,1.0,0.0,0.0,2.5,10.0,9.68994140625,10.0,5.0,5.0,10.0,10.0,0.0,1.0,0.0,0.0
EXP_square_s3_t10,square,3,A,off,1,,1.0,10.0,1.0,1.0,9.999744415283203,0.0,10.009634017944336,9.98050308227539,10.01533031463623,9.999744547737969,9.999762058258057,9.989825248718262,9.993143081665039,10.006489753723145,10.009634017944336,0.0,1.0,0.0,0.0,0.2777777910232544,1.1111111640930176,1.099567230286387,1.1111111640930176,0.5555555820465088,1.1111111640930176,1.1111111640930176,1.1111111640930176,0.0,1.0,0.0,0.0
EXP_square_s1_t20,square,1,A,off,1,,1.0,20.0,1.0,1.0,4.9998626708984375,0.0,5.002774238586426,4.995521545410156,5.003806114196777,4.999862788245082,4.999884128570557,4.996820998191834,4.997759819030762,5.001811623573303,5.002774453163147,0.0,1.0,0.0,0.0,5.0,20.0,19.3798828125,20.0,10.0,10.0,20.0,20.0,0.0,1.0,0.0,0.0
EXP_square_s3_t20,square,3,A,off,1,,1.0,20.0,1.0,1.0,4.999872207641602,0.0,5.004817008972168,4.990251541137695,5.007665157318115,4.999872273868984,4.999881029129028,4.994912624359131,4.9965715408325195,5.003244876861572,5.004817008972168,0.0,1.0,0.0,0.0,0.5555555820465088,2.222222328186035,2.199134460572774,2.222222328186035,1.1111111640930176,2.222222328186035,2.222222328186035,2.222222328186035,0.0,1.0,0.0,0.0
EXP_square_s1_t30,square,1,A,off,1,,1.0,30.0,1.0,1.0,3.3332419395446777,0.0,3.3351829051971436,3.330347776412964,3.3358712196350098,3.3332419325597584,3.3332561254501343,3.331213912963867,3.3318398356437684,3.33454110622406,3.3351830053329468,0.0,1.0,0.0,0.0,7.5,30.0,29.06982421875,30.0,15.0,15.0,30.0,30.0,0.0,1.0,0.0,0.0
EXP_square_s3_t30,square,3,A,off,1,,1.0,30.0,1.0,1.0,3.3332483768463135,0.0,3.3365447521209717,3.3268344402313232,3.3384437561035156,3.3332483031424798,3.333254098892212,3.329941749572754,3.331048011779785,3.335496664047241,3.3365447521209717,0.0,1.0,0.0,0.0,0.8333333134651184,3.3333332538604736,3.2987014549176417,3.3333332538604736,1.6666666269302368,3.3333332538604736,3.3333332538604736,3.3333332538604736,0.0,1.0,0.0,0.0
resume_square_s2,,,,,,,,,,,,,,,,,,,,,,,,,,,,,,,,,,,,,
resume_lanczos2_s2,,,,,,,,,,,,,,,,,,,,,,,,,,,,,,,,,,,,,
